{"issuer":{"address":{"branchID":"0","country":"EG","governate":"","regionCity":"","street":"","buildingNumber":""},"type":"B","id":493940162,"name":"الاثير تيك لتكنولوجيا المعلومات"},"receiver":{"address":[],"type":"P"},"documentType":"I","documentTypeVersion":"1.0","dateTimeIssued":"01-02-2023T04:40:23Z","taxpayerActivityCode":1234,"internalID":2,"invoiceLines":[{"description":"Business Management & Consulting Services","itemType":"EGS","itemCode":"EG-542747146-1","unitType":"EA","quantity":1,"internalCode":"100","salesTotal":1,"total":1,"valueDifference":0,"totalTaxableFees":0,"netTotal":1,"itemsDiscount":0,"unitValue":{"currencySold":"EGP","amountSold":0,"currencyExchangeRate":0,"amountEGP":1},"discount":{"rate":0,"amount":0},"taxableItems":[{"taxType":"T4","amount":0,"subType":0,"rate":0},{"taxType":"T1","amount":0,"subType":0,"rate":0}]}],"totalDiscountAmount":10,"totalSalesAmount":2,"netAmount":2,"taxTotals":[{"taxType":"T4","amount":0},{"taxType":"T1","amount":0}],"totalAmount":100,"extraDiscountAmount":0,"totalItemsDiscountAmount":0}